[
  {
    "id": "1",
    "fullName": "Jenny Chan",
    "address": "3 waterfoot road",
    "phoneNumber": "333-962-7516",
    "email": "jenny.chan@email.com"
  },
  {
    "id": "2",
    "fullName": "Jessica warren",
    "address": "4 tall town",
    "phoneNumber": "011-211-7516",
    "email": "jessica.warren@email.com"
  },
  {
    "id": "3",
    "fullName": "Tony Frank",
    "address": "11 lesly road",
    "phoneNumber": "788-962-7516",
    "email": "tony.frank@email.com"
  },
  {
    "id": "4",
    "fullName": "Jeremy Clark",
    "address": "333 miltown manor",
    "phoneNumber": "011-962-111",
    "email": "jeremy.clark@email.com"
  },
  {
    "id": "5",
    "fullName": "Raymond Edwards",
    "address": "99 blue acres",
    "phoneNumber": "3231-962-7516",
    "email": "raymon.edwards@email.com"
  },
  {
    "id": "6",
    "fullName": "Christian Volz",
    "address": "Auf dem Stümpfchen 18",
    "phoneNumber": "06858-9009846",
    "email": "zague@gmx.de"
  }
]
